"","text"
"1"," husband  told     crush  someone  met  work   worked  home since march   "
"2"," work  home        "
"3"," blame  brother  work    work  home   building  crappy ventilation"
"4","  son  since  dad died  stepped    many ways     helping   "
"5","valentine  day gifts  couples  work  home together"
"6","yeah  work  home"
"7","  got home  work  mom asked   heard  happened   said yeah    mentioned "
"8","people applied   state  hawaii  remote work program people applied  get  free trip  hawai   wor "
"9","boris johnson   january truly   everything  could    august cease   working  home "
"10","   infuriating     city spoke   dozen people     said  lived outside  five borou "
"11","thinking     staff students  parents  schools   home  virtual schooling    challenging "
"12"," people would say tools   poor substitute   person collaboration   therefore seen   nece "
"13"," well  hasn   inside  classroom  almost  year  goes   day camp  distance lea "
"14"," "
"15","one interesting artifact  everyone working  home   stark divide  see    find social  "
"16"," watched     got home  work"
"17","  complete insanity  based  scientific data  evidence    teacher   m embarras "
"18","stop staring   clock every day   time   new career follow us  view jobs  titles like lead prod "
"19","every time  come home early  work  first thing    parents say  oh  god   get fired  "
"20","hate   get  bomb diy ideas  get home  work    dark      mood   "
"21","tips  working  home   little one   "
"22","toe cheese  percentage  young adults  kids dying  lower yes however  happens wh "
"23"," bounces like    waiting   door   glimpse   coming home  work"
"24"," meetings suck   normal basis   work  home lockdown  re  mean    one tomorrow  "
"25","   problem  work  home ni   "
"26","   infuriating     city spoke   dozen people     said  lived outside  five b "
"27"," came home  work  find  wife bought     "
"28","failing  reach  agreement  chicago public schools  reopening conditions  week  chicago teachers union h "
"29","hey yall   m building  ig    work  home     first paid post     big deal   lol  "
"30","  job require   work  home ask people ss name address birthdate phone number   "
"31","discover  best remote jobs  work  home   "
"32","walking home   grocery store  female  several bags   hand     walking "
"33"," hate   days    work  make dinner  everyone   one comes home  work hungry   days  "
"34"," absolutely   get  fuckin vaccine   work  home first      e "
"35","learning lessons  lockdown   staying  home work studies    point  assume  net neutrality comes  law  "
"36","work  home"
"37","  said mindset    show emotion  wasn  referring   air   refer "
"38"," feel  sad   seniors  live   areas     deserve  see young people drunk fucking wit "
"39","  way home  work  different  brazil    said  wanted  move   place colder     missed snow     "
"40"," m tipsy  ending  virtual work  home day   glasses    much love everyone  "
"41","   cool tho  came  work   headache   told   go home  m good   rest   night  "
"42","quick reminder   camera   means others including  teacher  see  students amp  living situation "
"43","  allow corona virus stop   working   still work  home  make good income   "
"44"," moment  get home  work     "
"45","   everyday   way home  work     "
"46","  allow corona virus stop   working   still work  home  make good income    y "
"47","  allow corona virus stop   working   still work  home  make good income   "
"48","development   great field  work   many reasons  one   favourites     literally work  anywh "
"49"," miss scaring finance bros   subway   visibly goth  re    subway anymore bc  get  "
"50","good    big fan  joshuas  think  additio "
"51"," work  home   laptop   touchscreen  aggressively affectionate cats  yeah learne "
"52","faster maxbit internet speeds make  possible  staff  work  home   business  sales trips  fr "
"53","  allow corona virus stop   working   still work  home  make good income   "
"54","go fuck      confirmed  school district listed    confirmed case "
"55"," feel  sad   seniors  live   areas     deserve  see young people drunk fu "
"56","   package waiting   literally everyday   come home  work lol"
"57","wanted  go   run   started raining   way home  work   m  gonna take    sign  god       "
"58"," ve spent  phd learning  turns    work  home friendly science  also incessantly keep notes amp links    "
"59"," head  yahoo installing  nursery   office  telling    working parents     work  hom "
"60","   man texts    food order      way home  work gt gt gt gt gt gt gt gt gt gt gt gt gt gt gt gt gt gt gt gt gt gt gt gt gt gt gt gt gt"
"61","  said hong kong  experienced  deteriorating security situation   months  said  bank   "
"62","  confirmed  school district listed    confirmed case  transmission  "
"63"," stream tonight  barley got  sleep last night   m definitely feeling    pretty much heading str "
"64","  biting question "
"65"," management  work   ace  gm told us     might  feeling    difficu "
"66","hmu   looking   job hr ot customer service financial rep   work  home till june  bacc  office "
"67","  confirmed  school district listed    confirmed case  transmission  "
"68","thats   used     get home  work    dark asf outside    dont wanna   shit"
"69","   work since    currently  hour away   home   already   hours   "
"70"," know   people    work  home  last year  lockdown flew    caribb "
"71","yeah    common argument healthcare providers take  oath  help sick people  certai "
"72"," teachers education workers live  areas without access   necessary interne "
"73","let  get  straight   mps earn k  year get subsidised food amp drinks  work  put  mortgage   "
"74"," remembered   mom  told    listened   song every night    driving home  "
"75","   reckon   fact  remote learning means moms disproportionately  lost "
"76"," wife    work  home   many   neighbors     home school  children   "
"77","thanks  letting  know  huskies   worst dogs     live   apartment  work  home "
"78","  friends   banking industry   saying  competitors  offering permanent work fro "
"79"," gyms  open  restrictions mandatory masks limi "
"80","  continue  work  home  may  finding  difficult  perfect  work life balance      things "
"81"," kansas city chiefs  going   super bowl  without offensive guard laurent duvernay tardif   took  year  fr "
"82"," buy  twats  bag  toy cars  let  work  home"
"83","  progress    people  home  hear  every day  work isn  done   shot    arm w "
"84","   stay  home protect  nhs save lives      please follow government advice  travel  work   cannot work "
"85"," going  lie    first thing  watched   got home  work "
"86","hello welcome home  work thank   joining us  need  fund  incredible project please  thank "
"87","  waiting     got home  work"
"88","assemble      sakes     go back   office  say   work   hospital "
"89","compared   first  one   easy finished   hour   commute home  work  "
"90","  northwest pa   pouring rain amp going     overnight glad  work  home"
"91","freelance recruiter   work  home   girls   female "
"92","yeah  edited  game  saving bc  bf got home  work    gonna play  cod  "
"93"," dead    whole concert   v omw home  work     "
"94","  dad would come home  work  knew    get  ass    chair     "
"95"," understand  many parents  struggling  remote learning due    inability  work  home  "
"96","  remember  commercial property owner  gameshow host hologram  anthropomorphic oil slick richard tice  "
"97","spontaneous item scavenger hunts   great  movement breaks  simple  key  never want  impose   par "
"98","  buy products  help strengthen  economy  create jobs  home  applaud president biden  "
"99"," took   hour amp  half  get home   usual commute  work  min dallas  please"
"100","sick  bart entrances  closed  re  discouraging anyone  riding  re  trying  fucking get  work  home"
"101","continue  work  home hybrid working happy working day      "
"102","   mean time    enough bandwidth  effectively work  home  rural areas  outside  ottawa"
"103","   cats  sleep  day    like helllo  m home  work    miss    "
"104","work  home day   "
"105","   lonely coming home  work  everyone   bed  "
"106","omd   smell  mom ran   skunk already dead   way home  work    car smells gloriou "
"107","sweeeet  get  work  home  rest   week thank  otitis media fever  covid rules"
"108","even  rangers  cup contenders  knicks couldn  buy  win   finding    radio "
"109","came home  work  shoveled  driveway   m hopping   shower stream next tweet   "
"110","  got fry sauce    work desk   anyone let  work  home"
"111","  make  return home  work even better"
"112","  pandemic  changed   bill  wifi  re forced  work   school work  home  "
"113","furlough money  m  right jack  many   middle classes  voted     able  w "
"114","   sob  entire way home  work maybe"
"115","re covid vaccination teachers  admins   grocery workers grocers  less insurance e "
"116"," m ready  come home  work   home cooked meal   babe  gotta find one"
"117","work  home     "
"118","wife brought home food  kids   last night  work  ll   tap  one   soon   "
"119","masks   great literally  one   subway could tell   bawling  fucking face    way home  work tonight yay"
"120","boutta start making beats every night  get home  work   fun"
"121","  exhausting  virtually impossible  work  home   c "
"122","  came home  work   tell   like  bullshit      accuses      "
"123"," love     snowing   way home  work    "
"124"," work  home posture   like"
"125","made intense eye contact   girl waiting outside  line   bar   walk home  work   think  f "
"126"," discovered today   saddest part  still   able  taste  smell    couldn  smell  "
"127"," super grateful right     educators  work extra hard  educate  next generation ii  essential work "
"128","check    home work outs   "
"129"," company   hiring freeze   moment   m waiting    get paid pretty damn well  bei "
"130","list   work  home"
"131","came home  work amp met  room clean amp  bf laying   bed    "
"132","okokok time  go work    make dinner  kat   dinner  shes home  wrok sooon"
"133","  ve  teaching remotely  home since march    recently  working  boundary setting   "
"134","   know   may   made  home   months ago  getting close  partnership   thi "
"135"," intro guys   amritha  kerala actually   got settled   australia  marrying  came  aus f "
"136"," reply    good morning texts  night   get home  work"
"137","technician   fasten things  might   fucking problem    around breaking connections   "
"138","anyway   best friend want  get home  work already  pay fucking attention     "
"139"," got home  work   dolph pumping     gym"
"140"," m  exhausted  going  grocery store  anxiety  threw  roof  try "
"141"," might  something like   ll need  check   bits box   get home  work though"
"142"," got home  work  yeah  ll give   go       helping couple people       "
"143","      havent even   chance  listen   album yet   got home  work"
"144"," m  tired   time  m back home  work    eat dinner bath  talk   boyfriend  mins  sleep"
"145","australia  tribez retweet  win food poisoning air vehicles fart okcupid work  home facebook went filet mignon c "
"146"," know  left leaning work  home wonks   really proud    supporting  minimum wage   "
"147","oh     working  work  home mmmkay"
"148"," get home  work around like   want     later sets"
"149"," hope  story   media tells today re  photo op visit   airport     launched  expensi "
"150","people applied   state  hawaii  remote work program people applied  get  free trip  haw "
"151","fifth harmony ty dolla ign work  home feat ty dolla ign"
"152"," brought  plant home  work bc    struggling    bf looked   cat  said   really brought ano "
"153"," doesn   establishment  admit   entire lockdown   political ploy  destroy  econ "
"154","weeks eh b "
"155","    understand   work  home  fifth harmony didn  go number one    "
"156","got home  work saw    took  jog   good sir"
"157","first work  home  wait  line  home"
"158","hiii  would love  hear    d  jamming lik "
"159","  like hey   x amount  money   date   date    quarantining noth "
"160","   work overtime   genuinely     resilience      office  work  home party tonight  "
"161","  news  boyfriend  coming home  work today   shein order   "
"162","  toking    friend  garage one summer afternoon  high school  everyone fell "
"163","  work  home     mom    watch  game       "
"164","got home     morning  work  get  least  next days  work  pay   covid test n "
"165"," data cap  ridiculous especially  work  home    house   regularly hit tb  "
"166","decided  pick   booster pack   way home  work  target   glad   one pack magic"
"167","work  home data entry jobs part time jobs online jobs data entry work  home jobs typing job"
"168"," therapist  worked  opted  continue  work  giving birth prematurely   could save "
"169"," work  school guess  many assignments  got done today working  home"
"170","  stokoe hours late  work today   works  home   "
"171","  zero exposure   fully paid  work  home  cannot  "
"172"," da fuck    getting vaccinated   re  younger     work  home lmao"
"173"," seriously came home  work  decided  shovel   parking spots  front   town house   "
"174","still available   work  x  postcard johnny ten hendery jisung group     ten yangyang   home taeil haechan chenle"
"175"," thought   going  come home  work   chores   joke   "
"176","crucially    things    achieve working  home  therefore travelling  "
"177","typical dems want  teach  home indefinitely  get paid full boat get  shot get back  wo "
"178",""
"179","lol     finest moment    thank goodness  work  home since covid  raccoon look   "
"180","went home  work early   take  fat nap bc  bitch   sick af "
"181"," monster graduated puppy class tonight    less  hours  peeing   bed    "
"182","y  stay home  work   snows    stay away   club   pandemic"
"183"," job ain  letting us work  home     like        "
"184","hey yall   m building  ig    work  home     first paid post     big deal   lol "
"185","due   impending weather newport school district  operate virtually  tuesday january students  complete "
"186","work amp school  home  actually  blessing"
"187","literally  school counselling  home   best   reason  back  work  commuting "
"188"," moon shining bright  downtown winnipeg   way home  work today"
"189"," m   rural town called cala   eastern cape  work  home due  lockdown   bad networ "
"190","thank god  work sort  kinda  home family owned business      walk   another  "
"191","work  home   firstime   firstime  experienced self quarantine  coming  close contact wi "
"192","coming home  work amp cooking dinner feeling like  whole assss se ora"
"193","   know   may   made  home   months ago  getting close  partnership  "
"194"," dyslexic  never   cruel   looked   clock   computer  thought  said   "
"195","dog walks work  home pho hong  honestly  pretty perfect birthday"
"196","oh wfh work   home"
"197","yeah  ll try  m working  home  still  people work   like   would answer  "
"198"," goes  work done   sun  freaking hard  breath kalau dah work  home mana nak ras "
"199","big night  national city    re hearing   tod overlay  old town amp discussing  housing element update  "
"200","pot holders custom kitchen gifts kitchen linen buffalo check work  home marshmellows cooking housewarmin "
"201","awesome  got back home  work getting  ready   code   "
"202","  would like  work  home  boss"
"203"," m looking forward  presenting feb   annual meeting hosted   alma mater    "
"204","agree   uk  folk coming back  ireland unfair  re  risk     ireland soc "
"205","  home  would cost years  average entry level programming wo "
"206","waiting   boyfriend  get home  work   haven  seen    min  get  pups feel  lol           "
"207"," poor mam comes home  work stressed  shattered every night working hours longer    trying  "
"208","wait   figure       save money   people   work  home  "
"209","   somewhere  run  permanent work  home etc   d take  otherwise    "
"210"," voice  text thing  somehow left   transcribed    text message pretty perfectly captures  work  ho "
"211","   go thru  shit   wife  going  start work  home yet  cannot stop   checking "
"212","ive    much better  history  english lang lit ever since     work  home uh"
"213","microsoft shares surge  new high  work  home revenue boost  "
"214"," solution   pandemic lifts  local offices  work  home workers  congregate get tech supp "
"215"," casual typewriter    campus office        clearly  m failing  work  home"
"216"," super grateful right     educators  work extra hard  educate  next generation ii  essenti "
"217"," hour work  home  benefits amp bonuses         kinda shit  like  hear      "
"218","one positive   pandemic    got  home gym    ideal   work   silence without talking "
"219","  use  app  chat w  bf amp friends due   anxiety   appear online  wa especially  night   wor "
"220","cw food poultry   love crockpot cooking came home  work  perfectly cooked chicken breasts added  left "
"221"," need doctors nurses  caretakers  stop spreading  virus police  follow    "
"222"," work  home life allows   dress like  pros   bad gig haha"
"223","shares surge  new high  work  home revenue boost   trending "
"224","finally home  work   stop   chill"
"225"," m glad charlie  able  get  week   work  glad  ll  able  return next week  won  miss mu "
"226","  work  home  course ima    house"
"227","imagine  dad mum coming home  work   new strain  weed  surprise"
"228"," day gifts  couples  work  home together"
"229","y   wife would always say moms home   got back  work      son would call   moms home  "
"230","strategies   healthy work life balance  "
"231","   answer  paraded    almost  full year  politicians pretending  work  "
"232","new bride new monogram   one wears  better  kristel   sporting  soon   ne "
"233"," see   fat ass mexicans named emilio  history class  work  home depot   "
"234","mogget  adjusting   work  home life quite nicely    ask"
"235"," m  nice   work  home     really check  tone  voice anywhere"
"236","yes  genuine  influencer  would work harder  create new  original content   safe "
"237","   funny  watch  people whine   got home  work  play   really   "
"238"," black camaro pulled    today    drivin home  work   like girls   door "
"239","analysts expect apple  grow  year  work  home activities boost sales  mac"
"240"," made  home  work let  start cleaning "
"241","everyone  ssdi    prioritized  vaccines  fit year olds  work  home  figures     know"
"242","  really remarkable  got four guys  outside  picture   usmnt  one pandemic trun "
"243","moral   story   want  become  tech billionaire   work   home move   garage"
"244","  present day  re able  connect   many exceptional potential buyers fascinated   main work "
"245","isn  work  home great   "
"246","  everybody  working  home  ve  thinking  ways   balance work  life  living    "
"247"," high levels  ongoing infection make  standard tools  mitigation social distancing masks  work  "
"248","  modelling   privileged  go   nonessential reasons   photo op trip   airport  "
"249","  car sliding   way home  work       "
"250"," got home  work"
"251","since  wife   work  home  creative place hasn  changed  years   taken tim "
"252"," hardest part  moving   pandemic  establishing good  work  home  routine  takes  solid "
"253","australia  tribez retweet  win food poisoning air vehicles fart okcupid work  home facebook went filet mi "
"254","  got home  work  first thing  smelled   walked   door  rubin cologne     made  feel "
"255"," love   long       drive   fill   bird squirrel feeders make "
"256"," good friend    iranian asylum seeker    waiting    subsistence   allowanc "
"257","ben bartlett serving  work  home parent  zoom realness  "
"258"," feel   re    boat everything  closed visits  prohibited    curfew  "
"259"," homeschool   work  home   ve   much easier time    yo daughter  re "
"260","yes   lucky   lot  ways  work  home remain employed  avoided covid  ev "
"261"," baby comes home  work   "
"262"," work    get home  m going  accomplish  much   home  work   m going  accomplish half  thing   currently sips wine"
"263"," people really come home  work   like  greeted   dog"
"264","roomie gonna sleep  day tomorrow   coming home   exhausting day  work  eight   go  "
"265","cybereason offers  new take  protecting   work  home laptops  phones"
"266","dear pals today  m helping  mum work  home      think    agree  m   really good job     paw wa "
"267","working  home  starting  fall apart top bankers warn financial post"
"268","work  home admin   homeschooling group drives hrs  gets covid vax   county    live  bc   "
"269"," friend  mine   funeral home director   saying last fall   work  busier becaus "
"270"," put  fine point   work  home  miserably try  juggle work  supervising school  going  stop   "
"271"," work  home   gotta get   house  night    time"
"272","work  home   doggo     "
"273","   daughter kept      got home  work around    slept till noon  "
"274","  way  work  home lol crosswinds tagaytay"
"275","yakuza mom  almost done  work   ll try  gather  thoughts   twitlonger   get home    go "
"276"," m sorry  m late getting home  work     close tabs   computer"
"277","orang suruh work  home korang buat le tour de langkawi   work  home   annual leave   alwa "
"278","  could get home  work  dark  would  greattt"
"279"," weather service isn  making  noise  snow   map  starting  spook   flashbacks   n "
"280"," whatever happens   hospitalist   refuse  flu vaccine  suppose     "
"281","wife  honey please   forget  buy bread   re coming home  work  lest  forget  girlfriend chi "
"282","   much  get done    absolutely zero energy   get home  work   sucks"
"283"," got  fucking raise   work performance last year  worked full time  home  parenting  toddler ful "
"284","ohhhh yeah  re lucky lmao    best thing  get home  work make dinner  watch star wars"
"285","hi guys   work  home  sell tables suitable   work station   office table  ft  ft    "
"286","   metering  internet customers  tb   middle   global pandemic  wife   wo "
"287","   one charger   phone takes priority   need music   way home  work"
"288","top tips  work  home"
"289","going directly home   long day  work driving slow  well"
"290","na   got home  work like  hour ago    gravy baby"
"291","wow microsoft reports revenue growth hasil dari lonjakan cloud business ramai sangat ni work  home"
"292","    try  get dressed even though  work  home  almost answers door  undies   times"
"293"," love getting home  work   clock    second job   apparently   kid  bitch"
"294","  relief si dang gets  remain  home   family amp community  much work needs   done  making sure si  "
"295","fantastic well deserved    seeing    work  home   lovely  makes  feel bet "
"296","slept  day  stayed home  work also ordered  new phone tracking said new phone  delivered  phone "
"297","tomorrow  wednesday  means      days  work  home     m sad    love  "
"298","dudes  ve  working  home since march  still traveling across  country  like  lol    know ho "
"299","working  home    hardest part  transitioning   first dev role  work  client provided compu "
"300","got rear ended   drive home  work today   instead  getting pissed      awful start   "
"301"," job duck   company  hires virtual assistants  work  home full time  u  based companies      "
"302","learning lessons  lockdown   staying  home work studies    point  assume  net neutrality comes "
"303","privacy teams helped navigate  pivot  work  home"
"304","osiel waited    come home  work  nap like    know    ever nap  work even   sa "
"305"," mom   usually order subs   local shop   every  friday  order online  grab    w "
"306"," dad used  tape    would watch    afternoon     work  came home  school one d "
"307","literally got home  work last night    serious mental breakdown woke   new bitch amp reminded       "
"308","today    shit    got home  work   fucking batteries died   thermostat    free "
"309","also known  best work  home lunches"
"310"," man hit     job today   work  home"
"311","  way home  work  different  brazil    said  wanted  move   place colder     missed sn "
"312"," ray  hope   friend jason williams   family  home  destroyed  fultondale last night   thought  "
"313","comms  dire  hospital  beyond crisis  ve  beds icu  full staff  sick ambulances stacking "
"314","work  home data entry work  home jobs online jobs data entry jobs part time jobs typing job"
"315","aight  ll download    get home  work send   inv"
"316","  pm   m still walking home  work  crave death"
"317"," yet  haven  made  home  work yet  m   way     stop   drug store  "
"318","question  someone get  snow day   work     working  home since march"
"319"," people would say tools   poor substitute   person collaboration   therefore seen  "
"320","working  home   solution  sma ll businesses amid covid social distancing read   "
"321","excitement  brewing  interchange hq   slowly return   office  ve got  covid safe plan physical "
"322","fascinating look   companies  embraced   work  home  work  anywhere"
"323"," look   boys face   get home  work   best feeling ever   "
"324","  ever since starting work  home"
"325"," anyone else get home  work   sit   chair   feels like hours   realize   like minutes"
"326"," guide  everything  need  work  home according  product reviewers"
"327","  got home  work  im  tired  seeing  picture   container  cream cheese labeled  cheam "
"328"," home chenle work  johnny work  ten"
"329"," work  morris county although largely working  home since march  "
"330"," parents  refusing  drive     work tomorrow     take  uber       tak "
"331","weeks  vacation time  work  year   one take vacation time    work  home    go anywhere frik"
"332","  go   pub   re still open  stay  home   airports  open  work f "
"333"," broke    way home  work  inhale exhale"
"334","y   got called back  ve  back  jan th       won  allow us  work  home"
"335","back home  work showered amp  terrible pain    manager also warned   sitting despite  fact    "
"336","stop thinking   m  work     come home  work   see  bright smile   brightens "
"337"," brother child amp  spend  afternoons  home  work reciting tiktok sounds amp   ashamed"
"338","   lady  know   rich  steals food   work whole cheeses entire bunches  bananas filling "
"339","work computer switched   diffrent working  home  time"
"340"," sun wasn  even     barely roused  sleep  hawks coming home late  work per usual"
"341","food       get  dinner   way home  work"
"342"," actually   feel comfortable going back  work  m ok  working  home"
"343"," m guessing    probably  type  employers  think   still   dres "
"344","every time  open  bedroom room   get home  work  lunch  computer turns       extremely weird"
"345"," took   whole ass hour  get home  work    didn  even get passed rd gear"
"346"," didsbury today  saw  brilliant work   emergency services    defend  area  floodi "
"347","  kept  really strict work life balance    work  home era  clock    clock  ha "
"348","oh grand  get home  work  mum  left  key   lock  everyone  phones     stuck   garden  beers"
"349","security startup x cloud cybereason offers  new take  protecting   work  home laptops  phones"
"350","   excited  find  box waiting     got home  work   took   purchases  "
"351","sounds like  unessential work    done  home"
"352","lost work time  people working  home   issue members  local government   fully d "
"353","  businesses  suggested working  home indefinitely many companies   likely choose  pursue  hybr "
"354"," grandkids   well   surface amp hybrid schooling  parents working  hom "
"355"," love coming home  work   clean cozy home  dogs always look forward  seeing    love getting   "
"356","claims customer experience journey manager work  home allstate insurance company"
"357"," unlocked  new work  home   partner achievement today  significant  overheard  conversation  ask "
"358","absolutely love  view every time  head home  work"
"359","im home  work  hope  re    good day night  ll work  videos  post tomorrow"
"360","  work  home"
"361"," m torn    really miss snow     holy shit   degrees outside   got home  work today    awesome  "
"362","thank   majority   family live  multi generational households people  bringing  "
"363"," read  headline      m  work  home  d personally  happy  give   place  "
"364","cool lol mine  something  happened irl  got sent home  work bc  lockdown   la "
"365","doves  hits different   way home  work  night  "
"366","   interesting privilege dynamic playing    self righteous  m going  work  home   m res "
"367","   us fortunate  work  home    time  refresh  work space  sturdy secondhand furn "
"368","mom came home  work   cold   quarantined      spend  next  days monitoring  sy "
"369","work  home   style"
"370"," m incredibly grateful   able  work  home right    fact   re  busy making something tha "
"371","mine  grown working  home   mn   parents      least  one "
"372","home  work    video stuck   brain  hours"
"373","  record   grateful    job let alone one  allows   work  home   miss going outsi "
"374"," worked right   hallway  sekou  turner    left  work  home last march  "
"375","rd week work  home    university brought back freshman students  winter qtr   "
"376","oh   job  work  home answering emails   literally   would "
"377","come  bro    home  work     rest day  couldnt come     day   week   "
"378"," shit  blows     one  home  arrived  day earlier cool      way  work  "
"379","hitting work  today  "
"380","  glad   found      got home  work   dont know   wouldve  prof "
"381","something   commute home   move  one end   couch      work  home  lates "
"382","work   job  leaves   tired   anything   get home  doesn  pay enough  "
"383","  like  dad coming home  work completely drained  exhausted   soon   son says dad "
"384"," boss called   congratulate     past year  m   productive employee   lockdown suits "
"385","please add   additional payment  credit  help us   cost  ve absorbed  buying technol "
"386","  re wondering  bad  brain    know    way home  work today  drove past   house"
"387"," got home  work nowww   "
"388","   tiring  mentally draining feeling fearful   parents health   pandemic    help  "
"389"," sure    reason   vaccinate  teachers yet unless otherwise prioritiz "
"390"," m  ignorant   fact   lot  people rely  schools  daycare     ridicul "
"391","work  home homeschool   "
"392","impressed   work local athletic directors  leadership teams  done  get   fan less  games live st "
"393"," isn   neat   wanted      m otherwise pretty happy   setup  ve installed  "
"394"," still got  capitol fenced      ride  independence  go home  work"
"395"," work  one   largest canadian companies   financial sector     need  spe "
"396"," came home  work dinner  cooked  spliff rolled  bath  set  face products  mirror    usual ni "
"397","fr even especially  living   apartment    like moving really far   lease  ove "
"398"," cat     little shit  wanted  take like  hour nap   got home  work  ate   kept "
"399"," min  work  home   hate life  entire time"
"400"," think  office tenants  going back   flexibility  work  home days per week"
"401"," victorious work  home business  need  physical shape find    type  fitness approaches"
"402","stay home one day  work  mom  roasting  ass  everything    weight  college   gym      c "
"403","   nightmare  legit thought   going  die tonight  boss  nice enough  let  w "
"404","hey news reporters             wanna know     laptop stand reading list  winter    board games  puzzle "
"405","  work  home embrace  interruptions   use    reminder     actually working "
"406"," know  left leaning work  home wonks   really proud    supporting  minimum wage  "
"407","  ve  providing free workouts   instagram    reason  travel internationally   work  du "
"408","yet millions  millions  people go  work every single day  dont   privilege  work fro "
"409","yes  children   going full times days  week since august   awesome state   "
"410","  stayed home since th   th    thankful    foods  supplies coming  still  tv "
"411"," ve  five extra strong headache pills since  got home  work five hours ago   pain   abated  "
"412","soooo  gunna snow tomm amp  know   work  home   like   get  snow day still  nahhh"
"413"," work  trader joe    working  food     bumped   teachers   "
"414"," didn  want  buy  truth  drink game bc  didn  think  d use  enough   handmade  whole game  "
"415","  masters degree   us university yrs work exp months ago   working  cutting edge tech   dream pr "
"416"," want  job closer  home bc  hate sitting  traffic  work  keeps   seeing  daughter amp  hate "
"417"," week   working  home   tuesday  go back  work  days  week  let  see    return full time  work"
"418"," sure     posted  rely   ferry system  get   come home  work  ha "
"419","home  work  time  relax      room cooking    never   know        onlyfans emmazing"
"420","home monitoring   used  help   mild cognitive impairment stay   homes safely amp  longer  "
"421","  people work  full day   go home   family like  re tired   long day    cook cl "
"422","excellent hopefully   work  home til   completed"
"423"," items make great gifts  friends  love writing   work  home      read  full article gif "
"424","take  wheel   automotive claims adjuster hr benefits work  home  fl learn   "
"425"," hey times  tough   lot  people    months  work   pandemic   job  doesn  let "
"426","darn omw home  work  ill  missing  one"
"427","since   home  work   dozing   bihhh tired    wrap   eat amp smoke  blunt"
"428","malaysia hire workers  oversea   harshest employment rules   made  work hrs  day  ea "
"429","sending thoughts  peace  indiana          panic  ve seen  lot  year olds beat  viru "
"430","  thinking bout   single parent households  won   able  work  home"
"431"," kids  follow quarantine   school work  home away  friends others  dont care  go   "
"432","contract tracing  failed  identify  cause    cases clos "
"433","   great idea especially     work  home thanks lauren   "
"434","  anxious time  day   hours  getting home  work  anyone know wtf   "
"435","  nice surprise someone cleaned  driveway   got home  work tonight thank   much also  ni "
"436","desktop virtualization  trending   work  home world  could also present network capacity challenges  "
"437","big night  national city    re hearing   tod overlay  old town amp discussing  housing element  "
"438"," literally played    way home  work"
"439"," welcome  wait  something better tell    exhausted medic "
"440"," items make great gifts  friends  love writing   work  home      read  full art "
"441","virtual events planner work  home coordinator   careers   work expert predicts    demand  deca "
"442","ponder logic  u   travel    country   lower  infections   us care home staff go    homes "
"443","still  young gamers  work  home   "
"444","lol  seeing everglow   days   work went  indefinite work  home"
"445","finally got  tracking info  dpd guy  usually  around pm  ll  waiting   getting home  work"
"446","first thing     get home  work  get   damn uniform clothes  take   hot bath roll  blunts  "
"447","   queen  coming home  work   wanting   bothered    got home amp     single p "
"448","picture   re   early    fucking sucks outside   re alive   drive home f "
"449","y   bundles  arrived  wanna get sent home  work  bad"
"450","thanks pete met gilly      came home  th "
"451"," anyone   recs   good office chair  work   home  need something comfy     "
"452","  tired  shit  got home  work    even want  think  today"
"453"," may also   good number  office jobs  continue  least  part  work  home"
"454","literally rushed home  work  m  sad"
"455","perfume  hold   illegal boarding   sorry way  hold cumin  hoe  home said come  work  "
"456","join dr steven macgregor today"
"457","act fast new text amp email work  home job"
"458"," wife   manager work   hr deptt   f "
"459","helpful article   law society   email inbox today  working  home  children apparently    tell "
"460","didn  get anything done today   m   bad reaction   second covid vaccination nothing serious "
"461","  rush home  work  take  nice relaxing blistering hot shower amp someone else used    doggone hot water     "
"462"," feeling  get   get home  work  stretch    bed  take  socks   one  thee "
"463","speak       won  go     school age kids  home   hard   "
"464","courts encouraging ppl  work  home  take   item   ll actually  paying   cash pric "
"465"," library  get microfilm  us     portable readers   re usually always checked "
"466","welcome   twilight zone  students  told  stay home   k  cluster teachers  told  w "
"467","   m home  work   finally watch  reveal  real"
"468","im thankful asf   work  home"
"469","senior required  competitive salary     offer  substantial  achievable bonus  opportunity  wo "
"470"," new ritual   get home  work   light one   aromatherapy candles  smoke   "
"471","youre quite lucky    afford   go without  income coming   stay home  "
"472","rip sekou  coming home  work late  night   hour shift  watching   nba gametime  help  c "
"473","  enjoying  view  mt baker   way home  work"
"474"," moms work  stupid  mom cant work  home even tho   dr notes one   bro heart dr  one  "
"475"," remember   kid  would take  metal panel  dad brought home  work "
"476"," awesome  always    dasher    hand    didn  follow  instructions  "
"477","today  work  home outfit   bespoke light gray flannel three piece suit   white blue striped ralph lauren win "
"478","oh  co op thing lol     work  home thing"
"479","hoping   snow day like  wouldn  make  work  home instead   "
"480"," got home  work   "
"481","   even  worst lmao     man  dad would go  work   everyday  come home  pm   wouldn  "
"482","job especially  medical  care workers  gov  stepped   support  many  work effective "
"483"," majority  students  teach prefer  learn  home     want  get sick  majority  faculty  wo "
"484","microsoft shares surge  new high  work  home revenue boost"
"485","went  work  one   videos sitting  around views  likes get home  work  see     "
"486","game  ps  completely buggy  dude comes home  work  soon  someone goes  sleep  ll "
"487","quinn says k employees  asked  work  home    dangers stemming   civil unrest   absolutel "
"488"," really walked home  work last night hr  mins  felt super good    guess    today  "
"489","exactly people would  willing  commute    work  hom "
"490"," think  changed shirts  coming home  work"
"491"," m  writer     even form  functional sentence   current work  months   "
"492"," something different   hair today   felt cute  come home  work   husband says  god  hap "
"493","come home  work  get right  work   laptop   means   degree       "
"494"," come home  work  eat  many peanuts bc  m hungry    tummy hurts"
"495","  send    work  kids  school    work  home whilst others mix  "
"496"," problem   wanna work  home forever"
"497"," unlocked  new work  home   partner achievement today  significant  overheard  conversatio "
"498"," poor roommate   first snow day today  got stuck coming home  work       "
"499"," working  home  practically  year   drained unmotivated uninterested     care  work     point"
"500","finally  made  home  work"
"501","working  home remember take breaks  shopping     work    shopping begin eac "
"502","open po nct make  wish  home  love work  md postcard photoset smartphone deco trading card lugg "
"503","counting   days till  get  work  home   "
"504","yeah    drive  crazy busy road  workin "
"505","got  first shot today    healthcare worker  cannot work  home  bet mn  qualify       "
"506"," ever come home  work  get  baked   pull   zip  hoodie asking   friend"
"507","    face mask cream left  home  snapchat filter   next best thing right nope lol      gal "
"508"," coworker said   gonna buy flowers   wife   way home  work            "
"509"," work   far    always forget     m home   m upset      wanna see  kitties         "
"510","working  home  starting  fall apart top bankers warn"
"511"," want another job  work  home jobs    travel   laptop   one     two deskt "
"512","felt sick  day   stayed home  work apparently allergen numbers   crazy high though  hopefully  "
"513","moved   front   line  told    vaccines available  also   completely  "
"514"," got home  work   ll  live  pm cst"
"515","looks like  m walking home  work"
"516","nss open preorder nct make  wish  home  love work  md postcard photoset smartphone deco trading c "
"517"," think  season two  updates   bigger plus rare    work  home "
"518"," governor said  may ease restrictions   fall  m trying  go  colorado   want "
"519"," m    immunosuppressant drug   returned   completely unable   anything   "
"520","ok nd day  ring fit adventure  legs   o r e thank god  work  home"
"521"," heartbreaking   surprising  directly affects  family key worker husband   work colleagues "
"522","another safe drive home  work drive safe man  watched people die today"
"523"," takes   long  get home  work   traffic    slowly destroying  soul       "
"524"," launched  website  home   campaign  tackle systemic racism   charity sector   place  host "
"525","     ve   anywhere  wasn   supermarket smiths  fish n chip van   pharmacy "
"526","ordered grubhub forgot  change  address  work  home used  option  message driver hope  gets   "
"527"," got home  work today  chose violence  wish  covid deniers  terrible day"
"528","thinking   fact   live  ten minute walk  one   biggest vaccination sites  sf   "
"529","new suburban homes   area built   separate office  work  home pretty smart  price though"
"530","nct make  wish  home  love work  md postcard photoset smartphone deco trading card luggage sticke "
"531","since work  home shows  sign  going away soon  could  use  supercharging tips  make    "
"532"," home  love work "
"533","yuta  home  work "
"534"," drive home  work  gonna fucking suuuuck   snow"
"535"," thing    re working  home    show  colleagues   bosses   re   w "
"536","work   home pls"
"537","bro  swear  plants     forget  say hi     come home  work"
"538","  ever feel  frustrated stressed  sick annoyed mad sad tired      end  cryin "
"539","  nothing  attractive   man coming home  work dirty  boots  cannot change  mind either   "
"540","work  home workers  full pay  home improvements whilst   lost  jobs furloughed "
"541"," occurred   working  home means  snow days   work    "
"542","yuta work  sungchan   home please"
"543","work  johnny  home yuta doyoung group"
"544","getting home  work like"
"545"," ve learnt  hard way   remotely update  smart home server  work"
"546","lol  m talking    company  re purchasing  home  lol  wo "
"547","school    homework  ugh  least  won   homework   m   boss    laptop  work "
"548"," start  new job tomorrow   m really already trying  figure    work  home   kid hates school  much"
"549","supreme court seeks biden doj views  work  home taxes"
"550","shout    price gouging   illegal  maryland   time  people  home  onli "
"551","yes    requirement   state   notice since dec th     st "
"552","interesting ruling  unfair dismissal compensation  worker  allowed  work  home  pandemic  "
"553","  indeed  started early enough      months working   like normal  many "
"554","super excited  go home  work    running water    truly cannot wait  move"
"555","  got home  work      love  great    back bob   "
"556","eh  ve  come home  work must ve got hacked  "
"557"," hate  mfs wanna shower   get home  work  worse   workout     "
"558"," hour get home  work   "
"559"," laptop fried last night   got   work   fil came home  work today   brand new one   "
"560","even  love  hasn   easy trying  coach teach one nd grader    difficult fo "
"561","  going   teachers stay home  work remotely tomorrow    retaliatory action  "
"562","storming outside new mattress half day work working  home wtf    deserve "
"563","ugh       nightmare never even made  home  evening  work went   road twic "
"564","  nothing  attractive   man coming home  work dirty  boots  cannot change  mind eith "
"565","  really scary   re super lucky  husband      work  home   girl "
"566","yea   wanted us  stay home lil bit  avoid  full lockdown people getting   outside  "
"567","  degree remote work looks    part  future   survey  gt c level executives amp senior public "
"568","  supervisor won  leave  alone   new work  home scheme tell  supervisor   "
"569"," want everyone  get vaccinated  work  home  ll wait   end  lightfoot implied teachers wer "
"570","job   week   scheduling administrator  customer service melbourne   flexible working  home arrangeme "
"571"," m lucky bc  love  alone amp  ve  able  work  home   st mos   school yr "
"572","oh  ll purposefully bring   work   m  working  home anymore    intend  bring h "
"573","got home  work like  hour ago haven  eaten cause well  m bad  eating   time  clean  feed som "
"574","matt treacy writes  gript  matt doesn  like irish brazilians   work  meat plants       cash  "
"575"," m  addicted   game   think  look forward   finishing work    m worki "
"576","  v v hard  work  home     room  work"
"577","   know  exact policy  school district "
"578"," got home  work    cold today gonna make something  dinner  watch  anime"
"579","probably   partner     plus working  home teaching  phd students   left   still "
"580"," m ignoring  work emails    sent  pm    emergencies  one needs  draw som "
"581","please  kind  others  must leave  homes  travel    work stay home stay safe save lives"
"582"," leave  work  find peace  home jokes   today  "
"583","afternoon work  home drama king  napping  larry  blanket   living room  closed  office door  let  old "
"584","amen  boys  high risk   ve  home  year   re also  wheelchairs  love  "
"585","   majority  people  work  home want  move "
"586","probably   partner     plus working  home teaching  phd students   left   "
"587","  say   never   lifetime thought  would   minute job interview  spanish get  job get pr "
"588"," numbers  real firmly   medical est amp scientific community  countries th "
"589","freelance data entry job online work  home"
"590"," hate lazy niggas  work like ilnigga  m  tired     want  go home  bad     stomach hur "
"591","  walk home  work  evening nice  see  enjoying  quiet pint   "
"592"," need mia  ftc  somehow legislate higher mb   assist     forced  work  home"
"593"," going home early  work   feel terrible    want cry"
"594"," love time  decompress  work   car listening  music  lets  switch  work mode  home mode"
"595","work  home   extended  july th"
"596"," got home  work feels like  arms    fall      good     one  "
"597","okay nevermind  unmotivated anymore  realized  forgot  meds  morning  also   got  interview fo "
"598","  email  district tells families  pre k  cluster students  keep  children home  schools tomorrow    "
"599","  half  people whose jobs  allowed    want  continue   putting pres "
"600"," really wish  could find  work  home job  really    want  leave  house everything makes   "
"601","got home  work early today    going live  opening top wl rewards huge team update   h "
"602","great thread suspect hr  actually increase jobs  people  work two hr jobs w "
"603","   m home  work   finally catch     tweets videos  memories             "
"604","   must find  way  work  home effectively   times"
"605","whoever  putting  ch potle ads   timeline  win fine  ll get    way home  work"
"606","  struggled  home schooling  re  alone       primary school headteacher  wrote  "
"607","  virtual  year ceo  joined  discuss  company  new products   "
"608","year  celebrating children  learning  displays  work  home   school   "
"609","took  bomb nap  coming home  work"
"610","work  home   build  public"
"611"," repeat  whole ride home  work crazy  tweeted  lol"
"612","     casamigos w  babies   way home  work tho     "
"613","okay    get sent home  work   m  wearing shoes  m blaming "
"614","proposed  additional hours  emergency paid leave  employees  cannot work  home due   "
"615"," kind  productive since  canme home  work  d   shame     get  itis   process"
"616","odorous battlefield moghur turd diarrhea   bottle great wall fart horse manure hemorrhoids munanimous horse e "
"617","  took  nine months   think  got  work school  home  control   "
"618"," ve  home  work  less  hour   already taken  recycling  showered put   load  la "
"619"," ones ever    get home  work       miss working day shifts   home "
"620","everybody wanna  slim thick    nobody wanna put   work   virtual training  person training mea "
"621","damnit   got home  work                                       "
"622"," better feeling  getting home   long day  work amp ripping  good shotgun"
"623","yayyy  m home  work            "
"624","  businesses  would allow  work  home  slow  u reliable internet connection makes  bad  business"
"625"," ll get   quote tomorrow  noon  post office   closed   time  get home  work tonight"
"626","lenice  home  work  hours   said  left  stuff  work chile  m   confused  girl  retarted"
"627","  learned today  double masking   thing    shouldn  wear gaiters also   good reason "
"628","    work   postcard book k k luggage sticker photocard set k k uniform acrylic charm pc set k  "
"629"," luv  u  postal service  ve  home  work  past weeks twice  job  sent  paperwork  need "
"630","  businesses  suggested working  home indefinitely many companies   likely choose  purs "
"631","   work  home"
"632","starting  july ish last year  made   habit  work   home gyms   closed    h "
"633","  absolutely stupid  half   didn  even  still     f king clue   lie "
"634","teacher  review  miami dade public schools teacher  sent home  work  week apparently    po "
"635","cps officials insist   person learning   necessary option   teachers union wants    reopening delayed  staff "
"636","new work  home achievement  cat started meowing  much   call   triggered  source  cat  also started "
"637","presently irritated   work  home business    programme  ll produce  potential buyers"
"638"," parents work  home    really matters"
"639"," m hungry    eat   get home  work  like hours   "
"640","  need  stop   track  biden stepped  basis  steal  parent  home    "
"641","   believe  wanted  come home  work  watch anime       isn  "
"642"," season  electric  tuesday  made work  home worth "
"643","  still time  register   next  return  work  volunteering  home  covid  beyond "
"644","  relief si dang gets  remain  home  us   fight  far    si  many immigrants amp refugees sti "
"645","  still take  snow day   work  home"
"646"," always feel   hoaz  rainy days like    boyfriends stay home cuddling   wives  worse  "
"647","everyone  favorite daddy  home  work lt"
"648","interesting irish equivalent   employment tribunal finds  worker  constructively dismissed   wasn  allowed "
"649","well home  work first day back full day went pretty well  tired amp sore still  gonna relax tonight  re "
"650","shes ok  tired     really awful     partner    nightmare people   "
"651","  nashville economy building     companies coming  way   work  home jobs   "
"652"," wait   work  home cause       "
"653","work  home   continue   said    never start   aunty"
"654","work  home jobs online data entry jobs freelance data entry jobs online jobs part time jobs"
"655","inches  still going    m heading   check roads  carus  drive home  work  go   barn "
"656","retweet  people getting home  work"
"657","people share  reality  workspace setups  working  home"
"658"," came home   dishes   didn  finish  ones  last night  torn  dog bed dog poop smeared ac "
"659","know  difference  people  value   people exploiting  value  someone won  pay    hard wor "
"660","   wait   days   get  come home  work  see  excited  kids    walk   door fut "
"661"," ve work  au bon pain   shit   bakery  either    took home   alw "
"662","lately    making dinner    hear  sister get home  work    sits   car   yard f "
"663","oh god   work like ish   feel like  spend  whole life  work     also  feel l "
"664"," many  attending virtually doesn   count pretty sure  order    work  home   c "
"665"," showers   get home  work hit different"
"666","    going  get        said     made  day driving home  work"
"667","funny     crush  work  home    "
"668","   work  home tho    work  always     asthma   "
"669","study bothell ranks  best city  washington  work  home"
"670","nah  love oh every time  roommate comes home  work  gets supper excited  runs   door  hug       "
"671","  ready backup home internet plan   seamless work  learn  home set   details  "
"672"," studio  three bedroom floor plans  lake meadows  ll  sure  find  perfect apartment  meet  "
"673","every day  wonder   retail service workers     top   list  vaccinations  many  know  g "
"674","life  worth     get home  work  go  bed   two cats sleep next     nothing quite like "
"675","flashback       friends house   first day  online school     didnt know  wasnt  "
"676","lately    making dinner    hear  sister get home  work    sits   car   yard "
"677","  dog next     work  home gt gt gt gt gt gt gt gt gt gt        "
"678"," come home  work like    eat something   like eat   like  dont feel like cooking   "
"679","yesterday  bf    pretty hung     work  home     day    man watched b "
"680"," makestar albums  coming today yay   wont  home  work  another hrs     "
"681"," company said  work  home anyway let  get   heavier one"
"682","tough choice  think  grohe red wins      perfect work  home accessory move  kettle"
"683","got  work  home job  im going   able  go  school  also move   keep creating  fuckin lo "
"684"," progressive work  home commercials   funny lol"
"685","got home  work sat silently   dark  eating  brownie productivity"
"686","yessssss taste  ve  playing    m home  work    "
"687"," far    ll always prefer working  home   work   stuff get shit  around  house  "
"688","thanks  m home  work    "
"689","still another reason  work  home"
"690","thinking ab  fact    came home  work   broke    let  cuddle    fell asleep   left "
"691","within minutes  getting home  work   one  two things change   work  clothes  go    "
"692","funny  m  county public utility worker  wastewater  work  home  us"
"693","anyone else forget  put crystals   bra got home  work n took mine    fell n hit  floor      "
"694","teacher  review  miami dade public schools teacher  sent home  work  week apparently   "
"695","thousands  work  home permanently  top turkish conglomerate"
"696","e hey mikasa    suddenly ran  school  home   left  gas  maybe  bathroo  m  "
"697"," tempted      next working  home zoom staff meeting later   week hilarious serio "
"698"," got home  work   m burned  like  mofo  m   knock  despite  like shots  espresso throughout  day"
"699"," need another work  home job  "
"700","   since  work  home  quit wearing mine"
"701"," entered  win  free family meal simply  telling us   comments       love  work "
"702","quick reminder   camera   means others including  teacher  see  students amp  living situ "
"703","   mostly work  home"
"704"," roommates  sleep   come home  work   week  need somebody excited   m home   doggy    need     "
"705","turns   m home  work   boy   lease     re straight  hanging"
"706"," anyone else call  mom   way home  work school every day   "
"707"," thinkkkkk ima pack  shit  work  home  shacoby house tomorrow   "
"708"," love  sister  nephew   hate   comes home  work"
"709","bailey   got  spend  whole day together   worked  home  even surprised mama   lunch date "
"710","  lighting  candle  soon   get home  work  praying    family   father       "
"711"," team actually works remotely   skin   game  work  home nationalism"
"712"," softness   high rise condo market due   pandemic work  home  get worse   "
"713","   teaching virtually  home since march  third grade students need  see  model  "
"714"," know someone  works  home  occasionally   go   "
"715","crying   work day   least  work  home"
"716","check  utilising  simply  approach   fortunate  get      full time job  work fr "
"717","  obvious  thank   saying   save  people headaches also    standard "
"718","came home  work        dude  knows  got   penguin  heart   handle "
"719","whole time   way home  work  m like    oncoming traffic   weird something  wrong  "
"720"," doggo brings   favorite toy   get home  work amp    favorite part   day      "
"721","well  delivered  package  won   home  work  another seven hours  wagers   whethe "
"722","  used  try sleep   mum gets home  work cause school told    acting "
"723","anybody else run   room  soon   dad get home  work  jus "
"724"," m  sure   single dad   city   family    job  one week  vacation  one week  "
"725"," parents   work  home     mean  size"
"726","   think building new offices  daft     re wrong     still need "
"727","reliably  securely connect  users  business critical applications   even   re working  home wat "
"728","  crying   way home  work today lol"
"729","cps officials insist   person learning   necessary option   teachers union wants    reopening delay "
"730"," got home  work  took   make   right away   feel pretty lol"
"731"," d really like  come home  work   downloaded game"
"732","lmao   feel    people  work  home"
"733"," know    happened   halloween stuff  ffxiv  example    harder  mak "
"734","  home recovering   holiday work party     "
"735"," didn  know  much  pain could go    worked  home  showering  rushing  get dressed meant  "
"736","free   shackles  work academia time  go home    academia class"
"737","  apply  amazon work  home jobs"
"738","joke     work  home"
"739","medical coding jobs  home  lexicode get remote medical coding jobs  "
"740","  approach  year  lockdown      managed  successfully work  home  years    never w "
"741","ive  thinking  emotional skills alot lately   watch  new emotio "
"742","tomorrow   end   work  home lunch break    next zoom meeting      join   "
"743","really enjoyed  session   academy well done lads great camera work    plyome "
"744"," way someone ran   road  front     way home  work self fulfilling prophecy teas"
"745","   work  home         work   anfield         theres  body allowed         go back  work  anfield"
"746","work  home  earn daily weekly amp monthly make   weekly  home  hidde "
"747"," sure   long way home  work"
"748","starting  july ish last year  made   habit  work   home gyms   closed    "
"749"," watched  video   train back home  work  yeah    bit like         "
"750","check  using simply   process   happy  get      permenant job  simply work fr "
"751","today  learned    listen   glee cover    jazz exactly times  repeat   walk home  work"
"752"," companies need  let people   work  home work  home"
"753","man    healthy loving relationship  wild like  m excited   man  get home  work  tell  "
"754"," nurses  doctors    work  home teachers   option    see anyone else complaining  "
"755","equipping employees  work  home  enabled organizations across  country  maintain operations througho "
"756","years  eating pret  lunch  due  covid   work  home  never   walk   "
"757"," aps  much different  education    "
"758","well guys  forgot   maintenance tonight    time  get home  work  would   able   li "
"759"," hope tomorrow    office worker   decided  work  home   second home   south  spain "
"760","  kihno bearing dhl driver arrived yet     suspense  killing     got  notif  arrived  m abou "
"761","  struggle  allocating chores   home find   one mom went   typical sticker chart   method  "
"762","flowing    every pore  texted jimin     news  sent  waited    answer    kind "
"763"," m still bothered   time  friend  roommate came home  work  said  needs  tv   new fantano video dropped"
"764","work  home    "
"765","   pushed back  est  aster needs time  get home  work"
"766","seems  people arguing masks work pro lockdowns closed schools  elite professionals    happily wor "
"767","yes  zoom   platform  use  work x    haven  found  good solution fro "
"768","  re working  home    tough  find purpose   role   try  tips  gain meaning  "
"769","im omw home  work yall better     mischief gt"
"770"," like   get  work  home    make casual blueberry muffins   middle   day"
"771","planning   new year natural gas   affordable way  heat  home  water  work  energy trust "
"772","finally home  relaxing went   store  work bc  forgot  stuff  friday  went back    "
"773"," would never let folks work  home either   completely web based company   thing  pleases "
